<application>
  <component name="FileTypeManager" version="18">
    <extensionMap>
      <mapping ext="go" type="Go Template" />
      <mapping ext="plantuml" type="PlantUML file" />
      <removed_mapping ext="csv" approved="true" type="CSV/TSV" />
      <removed_mapping ext="dockerignore" approved="true" type="DockerIgnore file" />
      <removed_mapping ext="ignore" approved="true" type="IgnoreLang file" />
      <removed_mapping ext="tsv" approved="true" type="CSV/TSV" />
    </extensionMap>
  </component>
</application>