<application>
  <component name="Translation.Cache">
    <option name="lastTrimTime" value="1682083944272" />
  </component>
  <component name="Translation.States">
    <histories>
      <item value="Throttle Requests" />
      <item value="Encrypt Cookies" />
      <item value="Trust Hosts" />
      <item value="Convert Empty Strings To Null" />
      <item value="middleware Aliases" />
      <item value="Trust Proxies" />
      <item value="공부중인 기술" />
      <item value="&lt;h2&gt;공부중인 기술&lt;h2&gt;" />
      <item value="서브기술" />
      <item value="주요기술" />
      <item value="| This array of class aliases will be registered when this application | is started. However, feel free to register as many as you wish as | the aliases are &quot;lazy&quot; loaded so they don't hinder performance." />
      <item value="If the user does not exist, run the UserSeeder." />
      <item value="Argument 1 (callback) must be a valid callback, class Mockery\Expectation does not have a method &quot;fetchHomePosts&quot;" />
      <item value="S1003: Identifier expected." />
      <item value="authenticate" />
      <item value="attempt" />
      <item value="available In" />
      <item value="ensure Is Not Rate Limited" />
      <item value="&lt;?php namespace Illuminate\Contracts\Session; interface Session { Get the name of the session. @return string public function getName(); Set the name of the session. @param string name @return void public function setName(name); Get the current session ID. @return string public function getId(); Set the session ID. @param string id @return void public function setId(id); Start the session, reading the data from a handler. @return bool public function start(); Save the session data to storage. @return void public function save(); Get all of the session data. @return array public function all(); Checks if a key exists. @param string|array key @return bool public function exists(key); Checks if a key is present and not null. @param string|array key @return bool public function has(key); Get an item from the session. @param string key @param mixed default @return mixed public function get(key, default = null); Get the value of a given key and then forget it. @param string key @param mixed default @return mixed public function pull(key, default = null); Put a key value pair or array of key value pairs in the session. @param string|array key @param mixed value @return void public function put(key, value = null); Get the CSRF token value. @return string public function token(); Regenerate the CSRF token value. @return void public function regenerateToken(); Remove an item from the session, returning its value. @param string key @return mixed public function remove(key); Remove one or many items from the session. @param string|array keys @return void public function forget(keys); Remove all of the items from the session. @return void public function flush(); Flush the session data and regenerate the ID. @return bool public function invalidate(); Generate a new session identifier. @param bool destroy @return bool public function regenerate(destroy = false); Generate a new session ID for the session. @param bool destroy @return bool public function migrate(destroy = false); Determine if the session has been started. @return bool public function isStarted(); Get the previous URL from the session. @return string|null public function previousUrl(); Set the &quot;previous&quot; URL in the session. @param string url @return void public function setPreviousUrl(url); Get the session handler instance. @return \SessionHandlerInterface public function getHandler(); Determine if the session handler needs a request. @return bool public function handlerNeedsRequest(); Set the request on the handler instance. @param \Illuminate\Http\Request request @return void public function setRequestOnHandler(request); }" />
      <item value="Flush the session data and regenerate the ID" />
      <item value="Send Email Verification Notification" />
      <item value="The application's global HTTP middleware stack. These middleware are run during every request to your application." />
      <item value="The application's middleware aliases. Aliases may be used to conveniently assign middleware to routes and groups." />
      <item value="|-------------------------------------------------------------------------- | Console Routes |-------------------------------------------------------------------------- | | This file is where you may define all of your Closure based console | commands. Each Closure is bound to a command instance allowing a | simple approach to interacting with each command's IO methods." />
      <item value="| Application Timezone |-------------------------------------------------------------------------- | | Here you may specify the default timezone for your application, which | will be used by the PHP date and date-time functions. We have gone | ahead and set this to a sensible default for you out of the box." />
      <item value="| When you're writing tests, you often need to check that values meet certain conditions. The | &quot;expect()&quot; function gives you access to a set of &quot;expectations&quot; methods that you can use | to assert different things. Of course, you may extend the Expectation API at any time." />
      <item value="| | The closure you provide to your test functions is always bound to a specific PHPUnit test | case class. By default, that class is &quot;PHPUnit\Framework\TestCase&quot;. Of course, you may | need to change it using the &quot;uses()&quot; function to bind a different classes or traits." />
      <item value="| The closure you provide to your test functions is always bound to a specific PHPUnit test | case class. By default, that class is &quot;PHPUnit\Framework\TestCase&quot;. Of course, you may | need to change it using the &quot;uses()&quot; function to bind a different classes or traits." />
      <item value="unverified" />
      <item value="Indicate that the model's email address should be unverified." />
      <item value="TS2322: Type 'GetPageResponse' is not assignable to type 'PageObjectResponse'.   Type 'PartialPageObjectResponse' is missing the following properties from type 'PageObjectResponse': parent, properties, icon, cover, and 6 more." />
      <item value="TS2312: An interface can only extend an object type or intersection of object types with statically known members." />
      <item value="'process' is declared here." />
      <item value="Cannot redeclare block-scoped variable 'notion'." />
      <item value="Variable 'NOTION_API_KEY' implicitly has an 'any' type." />
      <item value="TS2322: Type 'string | undefined' is not assignable to type 'string'.   Type 'undefined' is not assignable to type 'string'." />
      <item value="TS2395: Individual declarations in merged declaration 'Me' must be all exported or all local" />
      <item value="flex Direction" />
      <item value="TS2590: Expression produces a union type that is too complex to represent." />
      <item value="num Change Handler" />
    </histories>
    <option name="languageScores">
      <map>
        <entry key="ENGLISH" value="36" />
        <entry key="JAPANESE" value="35" />
        <entry key="KOREAN" value="4" />
      </map>
    </option>
  </component>
</application>